type_of_aid,million_usd,proportion
Total Education,2629.9034057589606,1.0
Dev. Education,2292.81588357932,0.8718251318883095
HM. Education,323.4198657543385,0.12297784969824896
Peace Education,13.27389339313894,0.005047293130261658
Other Education,0.0,0.0
Undefined Education,0.0,0.0
